id,insight_type,date_or_month,account_number,category,amount,income,expense,balance,notes,user_id
9a27043d-51a5-44bb-a7f9-93dd776be421,Monthly Spend Summary,2023-04,,,765.97,,,,,839a60a1-91b1-4d97-a935-5724cf3463bb
8bccaea1-8932-42a6-accb-2b07ee5cf187,Monthly Spend Summary,2023-05,,,516.35,,,,,839a60a1-91b1-4d97-a935-5724cf3463bb
2fa54774-a5f7-4182-8fd4-5cfe63a930c3,Monthly Spend Summary,2023-06,,,542.5,,,,,839a60a1-91b1-4d97-a935-5724cf3463bb
f3c6bbab-1c04-4cb2-aff7-5b0847006fac,Monthly Spend Summary,2023-07,,,716.22,,,,,839a60a1-91b1-4d97-a935-5724cf3463bb
d1f02e05-5240-4dc3-afda-15f0ee581bb3,Monthly Spend Summary,2023-08,,,1629.63,,,,,839a60a1-91b1-4d97-a935-5724cf3463bb
70bee4e3-43b3-4eb8-ac70-18add4eda75e,Monthly Spend Summary,2023-09,,,563.95,,,,,839a60a1-91b1-4d97-a935-5724cf3463bb
7931af96-ef24-4c69-abe9-547832cac73c,Monthly Spend Summary,2023-10,,,1262.03,,,,,839a60a1-91b1-4d97-a935-5724cf3463bb
2102dfa9-ab0d-47b2-9373-9406c33c68b8,Monthly Spend Summary,2023-11,,,1278.68,,,,,839a60a1-91b1-4d97-a935-5724cf3463bb
8d3a05c4-c817-474b-b0df-2569c9dace4c,Monthly Spend Summary,2023-12,,,1089.42,,,,,839a60a1-91b1-4d97-a935-5724cf3463bb
3c5e4911-7d2a-4234-b554-0d42f8877ade,Monthly Spend Summary,2024-01,,,466.93,,,,,839a60a1-91b1-4d97-a935-5724cf3463bb
82bb6f49-f3f1-43a7-af3f-733d9b3fa1a9,Monthly Spend Summary,2024-02,,,1338.3600000000001,,,,,839a60a1-91b1-4d97-a935-5724cf3463bb
dfb54288-8449-4444-92a3-a9936e2151fa,Monthly Spend Summary,2024-03,,,1149.03,,,,,839a60a1-91b1-4d97-a935-5724cf3463bb
2a9d5986-b53b-4848-ae00-ecc04a554111,Monthly Spend Summary,2024-04,,,492.88,,,,,839a60a1-91b1-4d97-a935-5724cf3463bb
13bf2db4-23a6-4b6e-a60d-e60f90516d13,Monthly Spend Summary,2024-05,,,720.7,,,,,839a60a1-91b1-4d97-a935-5724cf3463bb
77fc955d-71d1-45a3-a3c4-fd13b687c27c,Monthly Spend Summary,2024-06,,,1012.32,,,,,839a60a1-91b1-4d97-a935-5724cf3463bb
f80d8f9e-a6c1-4796-9937-49a4df96ad6a,Monthly Spend Summary,2024-07,,,1179.38,,,,,839a60a1-91b1-4d97-a935-5724cf3463bb
86f0ae04-e9cd-4215-9219-e421b8a75ced,Monthly Spend Summary,2024-08,,,620.71,,,,,839a60a1-91b1-4d97-a935-5724cf3463bb
32d9d8e1-232b-4db1-8bf5-84f891b9aa2d,Monthly Spend Summary,2024-09,,,1244.67,,,,,839a60a1-91b1-4d97-a935-5724cf3463bb
2b6256e1-a7d1-419c-93da-655d9d7e444b,Monthly Spend Summary,2024-10,,,1620.38,,,,,839a60a1-91b1-4d97-a935-5724cf3463bb
7190937b-93ad-4fa9-babc-9c4d5d50aadf,Monthly Spend Summary,2024-11,,,682.14,,,,,839a60a1-91b1-4d97-a935-5724cf3463bb
a91a01f9-c4d9-4224-8ac8-2c7ed3364d44,Monthly Spend Summary,2024-12,,,868.45,,,,,839a60a1-91b1-4d97-a935-5724cf3463bb
6984ac18-5767-4a69-be3e-de10d8299969,Monthly Spend Summary,2025-01,,,939.86,,,,,839a60a1-91b1-4d97-a935-5724cf3463bb
ab82e97d-a23b-4273-8d39-dcf3f1c12974,Monthly Spend Summary,2025-02,,,526.0699999999999,,,,,839a60a1-91b1-4d97-a935-5724cf3463bb
ae04058c-0dd5-4b7c-a66a-cc145772f454,Monthly Spend Summary,2025-03,,,689.41,,,,,839a60a1-91b1-4d97-a935-5724cf3463bb
56cd7b1e-b1a6-4703-a221-bc02c1969373,Monthly Spend Summary,2025-04,,,272.46,,,,,839a60a1-91b1-4d97-a935-5724cf3463bb
9c66dbf3-7692-4c97-9cf9-d9c36953046e,Income vs Expense,2023-04,,,,1416.21,765.97,,Net Savings: 650.24,839a60a1-91b1-4d97-a935-5724cf3463bb
e982e738-e158-4e85-8bd5-986d1bbfdc3e,Income vs Expense,2023-05,,,,2056.27,516.35,,Net Savings: 1539.92,839a60a1-91b1-4d97-a935-5724cf3463bb
62496b27-cec8-4a10-b461-6089dd078c1c,Income vs Expense,2023-06,,,,3324.43,542.5,,Net Savings: 2781.93,839a60a1-91b1-4d97-a935-5724cf3463bb
6e08a3e2-c7ab-4924-8510-29949305051d,Income vs Expense,2023-07,,,,2419.54,716.22,,Net Savings: 1703.32,839a60a1-91b1-4d97-a935-5724cf3463bb
c240ea88-fbb8-4112-b2a8-dedcd96731aa,Income vs Expense,2023-08,,,,1200.3,1629.63,,Net Savings: -429.33,839a60a1-91b1-4d97-a935-5724cf3463bb
b8343f86-c240-4772-904b-dee2623b87f9,Income vs Expense,2023-09,,,,2916.58,563.95,,Net Savings: 2352.63,839a60a1-91b1-4d97-a935-5724cf3463bb
2b2c2fe5-72ac-4cba-9828-d8375e1fb746,Income vs Expense,2023-10,,,,2286.5,1262.03,,Net Savings: 1024.47,839a60a1-91b1-4d97-a935-5724cf3463bb
46daebe6-62ba-4d13-9e0b-4f9f70ac350c,Income vs Expense,2023-11,,,,774.9300000000001,1278.68,,Net Savings: -503.75,839a60a1-91b1-4d97-a935-5724cf3463bb
abaf5dc7-c8d7-4c5e-bf72-ea79eda183c0,Income vs Expense,2023-12,,,,2362.61,1089.42,,Net Savings: 1273.19,839a60a1-91b1-4d97-a935-5724cf3463bb
eb65f100-0fcd-4cca-88b4-f1d9a8de83d1,Income vs Expense,2024-01,,,,2407.63,466.93,,Net Savings: 1940.70,839a60a1-91b1-4d97-a935-5724cf3463bb
cb658ac3-cec5-40e6-b254-3e675dff94ae,Income vs Expense,2024-02,,,,1753.6000000000001,1338.3600000000001,,Net Savings: 415.24,839a60a1-91b1-4d97-a935-5724cf3463bb
7561181f-ea96-4730-aab6-cb43ade009d9,Income vs Expense,2024-03,,,,2718.24,1149.03,,Net Savings: 1569.21,839a60a1-91b1-4d97-a935-5724cf3463bb
2c56e64f-4042-477e-872b-b2bc42598400,Income vs Expense,2024-04,,,,3385.24,492.88,,Net Savings: 2892.36,839a60a1-91b1-4d97-a935-5724cf3463bb
ed081404-723c-4f21-9506-9ae511663191,Income vs Expense,2024-05,,,,2635.95,720.7,,Net Savings: 1915.25,839a60a1-91b1-4d97-a935-5724cf3463bb
955aa1ff-9bc7-480e-b2ed-f1317650b264,Income vs Expense,2024-06,,,,2315.66,1012.32,,Net Savings: 1303.34,839a60a1-91b1-4d97-a935-5724cf3463bb
664bd58a-4353-4166-bb21-68e78996a2b5,Income vs Expense,2024-07,,,,2304.4900000000002,1179.38,,Net Savings: 1125.11,839a60a1-91b1-4d97-a935-5724cf3463bb
d733e43a-0555-466f-8975-b49ce333e38c,Income vs Expense,2024-08,,,,3100.54,620.71,,Net Savings: 2479.83,839a60a1-91b1-4d97-a935-5724cf3463bb
9b22722b-e3bf-4b51-ae80-92bcf0fd177a,Income vs Expense,2024-09,,,,2110.38,1244.67,,Net Savings: 865.71,839a60a1-91b1-4d97-a935-5724cf3463bb
c2505252-5de2-42ef-8035-6290874d163f,Income vs Expense,2024-10,,,,1133.48,1620.38,,Net Savings: -486.90,839a60a1-91b1-4d97-a935-5724cf3463bb
404efaa9-1822-4485-a348-5dc3ff6482c4,Income vs Expense,2024-11,,,,3194.7,682.14,,Net Savings: 2512.56,839a60a1-91b1-4d97-a935-5724cf3463bb
6f365b8d-35fe-437f-ac78-78211c8ee8eb,Income vs Expense,2024-12,,,,2050.12,868.45,,Net Savings: 1181.67,839a60a1-91b1-4d97-a935-5724cf3463bb
a81e45ae-89e4-451d-a411-175791649254,Income vs Expense,2025-01,,,,2817.17,939.86,,Net Savings: 1877.31,839a60a1-91b1-4d97-a935-5724cf3463bb
41a2e981-d156-4bb3-bf13-63fb08df2430,Income vs Expense,2025-02,,,,2435.36,526.0699999999999,,Net Savings: 1909.29,839a60a1-91b1-4d97-a935-5724cf3463bb
e12bdcf5-af88-413a-9bc6-35e606037241,Income vs Expense,2025-03,,,,1829.08,689.41,,Net Savings: 1139.67,839a60a1-91b1-4d97-a935-5724cf3463bb
962f7a12-3f8f-4972-a41a-c298c33fd544,Income vs Expense,2025-04,,,,917.8399999999999,272.46,,Net Savings: 645.38,839a60a1-91b1-4d97-a935-5724cf3463bb
a206a9b3-2f1e-4045-a83e-9e345f2d9496,Spending Pattern - Day,Sunday,,,4118.09,,,,Top spending day,839a60a1-91b1-4d97-a935-5724cf3463bb
5f3f2447-dac5-4117-8993-f35681d17311,Spending Pattern - Day,Thursday,,,3950.7599999999998,,,,Top spending day,839a60a1-91b1-4d97-a935-5724cf3463bb
cd11178c-333c-4a75-bae5-b4522307fab2,Spending Pattern - Day,Friday,,,3612.84,,,,Top spending day,839a60a1-91b1-4d97-a935-5724cf3463bb
71dfc47d-a86b-4832-a7b8-b14c76e7fc9f,Spending Pattern - Hour,4:00,,,1582.71,,,,Peak spending hour,839a60a1-91b1-4d97-a935-5724cf3463bb
4689a721-5146-4825-9c51-7af78249929a,Spending Pattern - Hour,12:00,,,1444.99,,,,Peak spending hour,839a60a1-91b1-4d97-a935-5724cf3463bb
b762e60e-81e0-4e0d-9367-f6624982c205,Spending Pattern - Hour,11:00,,,1405.85,,,,Peak spending hour,839a60a1-91b1-4d97-a935-5724cf3463bb
8d98a9e5-9f37-4f3b-bddb-5eda9899de18,Financial Health - Savings Rate,,,,0.5082718805730945,,,,Average monthly savings rate,839a60a1-91b1-4d97-a935-5724cf3463bb
8859478a-0056-4e21-bf3a-f751e7f9225a,Financial Health - Emergency Fund,,,,,,,33778.35,Emergency fund covers 194.9 months of expenses,839a60a1-91b1-4d97-a935-5724cf3463bb
c2461134-990a-46ea-9e2c-86d5cca15001,Savings Opportunity - Top Category,,,Entertainment,3094.78,,,,Consider reviewing expenses in this category,839a60a1-91b1-4d97-a935-5724cf3463bb
135c1313-022f-41f6-8550-203405493db3,Savings Opportunity - Top Category,,,Savings,2826.95,,,,Consider reviewing expenses in this category,839a60a1-91b1-4d97-a935-5724cf3463bb
57a2e982-d86d-45fb-aa7c-11b01891d867,Savings Opportunity - Top Category,,,Shopping,2793.4,,,,Consider reviewing expenses in this category,839a60a1-91b1-4d97-a935-5724cf3463bb
30674176-6023-47e3-9b5f-2a5ff3e586ae,Savings Opportunity - Top Category,,,Banking,2638.47,,,,Consider reviewing expenses in this category,839a60a1-91b1-4d97-a935-5724cf3463bb
46bff67c-d27f-4c23-a29f-a58bfdfc2401,Savings Opportunity - Top Category,,,Food,2257.58,,,,Consider reviewing expenses in this category,839a60a1-91b1-4d97-a935-5724cf3463bb
ffa96338-d4b3-426f-9907-025c5de1c084,Alert - Unusual Spending,Sunday,,,4118.09,,,,Unusually high spending detected on Sunday,839a60a1-91b1-4d97-a935-5724cf3463bb
01e0cf8b-7ab4-4e23-8667-921813aa06a0,Alert - Unusual Spending,Thursday,,,3950.7599999999998,,,,Unusually high spending detected on Thursday,839a60a1-91b1-4d97-a935-5724cf3463bb
b5248dbf-afed-4837-943e-2b5dbb87bc89,Alert - Unusual Spending,Friday,,,3612.84,,,,Unusually high spending detected on Friday,839a60a1-91b1-4d97-a935-5724cf3463bb
